{"cameraMode":{"drawMode":0,"name":"Shaded","section":"Shading Mode"},"sceneLighting":false,"audioPlay":false,"sceneViewState":{"m_AlwaysRefresh":false,"showFog":true,"showSkybox":true,"showFlares":true,"showImageEffects":true,"showParticleSystems":true,"showVisualEffectGraphs":true,"m_FxEnabled":true},"in2DMode":false,"pivot":{"x":3.0013444423675539,"y":-1.7247389554977418,"z":1.9236797094345093},"rotation":{"x":0.05578090250492096,"y":0.004487836267799139,"z":-0.0002515327068977058,"w":0.9984473586082459},"size":2.8845086097717287,"orthographic":false}